order_id,date,region,category,product,segment,units,revenue,cost
ORD-2000,2024-06-01,East,Apparel,Trail Jacket,SMB,4,270.94,150.85
ORD-2001,2024-06-01,North,Electronics,Pulse Earbuds,SMB,4,1452.72,944.1
ORD-2002,2024-06-02,South,Electronics,Pulse Earbuds,Consumer,1,317.3,212.35
ORD-2003,2024-06-02,West,Electronics,Nova Monitor,Consumer,1,409.53,229.97
ORD-2004,2024-06-02,South,Electronics,Nova Monitor,Corporate,3,1457.27,915.59
ORD-2005,2024-06-02,Central,Electronics,Nova Monitor,Corporate,5,2483.87,1568.94
ORD-2006,2024-06-02,East,Apparel,Core Tee,Corporate,4,262.65,158.62
ORD-2007,2024-06-03,South,Apparel,Core Tee,SMB,2,174.85,119.97
ORD-2008,2024-06-03,Central,Apparel,Trail Jacket,Corporate,3,202.14,116.43
ORD-2009,2024-06-03,East,Office,Gel Pens,Corporate,5,123.52,69.85
ORD-2010,2024-06-03,South,Electronics,Nova Monitor,SMB,4,1325.54,918.05
ORD-2011,2024-06-03,South,Office,Gel Pens,Consumer,1,23.3,13.28
ORD-2012,2024-06-04,North,Electronics,Aura Laptop,Corporate,2,824.67,484.16
ORD-2013,2024-06-04,West,Apparel,Core Tee,Consumer,2,103.22,68.23
ORD-2014,2024-06-04,North,Apparel,Trail Jacket,SMB,5,460.44,276.87
ORD-2015,2024-06-05,North,Electronics,Pulse Earbuds,Corporate,3,1544.47,908.55
ORD-2016,2024-06-05,North,Office,Gel Pens,Consumer,2,44.31,29.69
ORD-2017,2024-06-05,Central,Apparel,Core Tee,Corporate,4,333.05,196.64
ORD-2018,2024-06-05,South,Office,Gel Pens,SMB,5,113.44,71.6
ORD-2019,2024-06-05,Central,Electronics,Aura Laptop,SMB,5,2451.77,1643.45
ORD-2020,2024-06-06,East,Furniture,Ergo Chair,Corporate,1,254.11,170.48
ORD-2021,2024-06-06,North,Office,Notebook Set,Consumer,2,33.88,18.84
ORD-2022,2024-06-06,South,Electronics,Pulse Earbuds,SMB,3,1394.62,872.97
ORD-2023,2024-06-07,West,Office,Notebook Set,Corporate,3,60.66,41.19
ORD-2024,2024-06-07,Central,Office,Notebook Set,SMB,5,85.63,53.03
ORD-2025,2024-06-07,East,Electronics,Aura Laptop,SMB,1,505.42,335.78
ORD-2026,2024-06-07,West,Furniture,Oak Desk,SMB,1,278.18,155.66
ORD-2027,2024-06-07,East,Electronics,Nova Monitor,SMB,3,1103.51,725.8
ORD-2028,2024-06-08,Central,Electronics,Nova Monitor,Corporate,2,646.17,436.1
ORD-2029,2024-06-08,West,Electronics,Nova Monitor,SMB,2,986.24,547.08
ORD-2030,2024-06-08,South,Electronics,Nova Monitor,Corporate,5,1470.25,934.38
ORD-2031,2024-06-08,Central,Apparel,Trail Jacket,Corporate,4,285.83,187.3
ORD-2032,2024-06-09,West,Office,Notebook Set,Corporate,3,57.66,32.41
ORD-2033,2024-06-09,East,Furniture,Ergo Chair,Consumer,2,683.68,458.56
ORD-2034,2024-06-09,East,Electronics,Aura Laptop,Corporate,4,1582.72,1031.71
ORD-2035,2024-06-09,East,Office,Gel Pens,Corporate,5,76.33,46.1
ORD-2036,2024-06-10,Central,Apparel,Core Tee,Consumer,2,168.26,96.02
ORD-2037,2024-06-10,West,Electronics,Aura Laptop,Consumer,2,680.99,461.47
ORD-2038,2024-06-10,West,Office,Notebook Set,Consumer,2,47.36,31.9
ORD-2039,2024-06-10,East,Furniture,Ergo Chair,Consumer,5,1466.21,941.66
ORD-2040,2024-06-10,West,Office,Notebook Set,Consumer,1,12.67,8.05
ORD-2041,2024-06-11,East,Electronics,Aura Laptop,Corporate,2,671.96,370.98
ORD-2042,2024-06-11,Central,Office,Notebook Set,SMB,5,91.68,51.84
ORD-2043,2024-06-11,Central,Apparel,Core Tee,Corporate,2,185.74,124.21
ORD-2044,2024-06-12,South,Electronics,Nova Monitor,Corporate,1,363.4,216.2
ORD-2045,2024-06-12,South,Furniture,Ergo Chair,SMB,1,347.42,229.84
ORD-2046,2024-06-12,West,Furniture,Ergo Chair,Consumer,1,276.77,167.31
ORD-2047,2024-06-12,West,Apparel,Core Tee,Corporate,3,151.06,87.2
ORD-2048,2024-06-12,Central,Office,Gel Pens,Corporate,2,45.42,30.94
ORD-2049,2024-06-13,North,Office,Gel Pens,Consumer,5,66.74,38.32
ORD-2050,2024-06-13,East,Office,Gel Pens,Consumer,1,23.05,15.88
ORD-2051,2024-06-13,North,Furniture,Oak Desk,Corporate,1,262.07,163.79
ORD-2052,2024-06-13,East,Electronics,Aura Laptop,Corporate,3,1248.39,755.58
ORD-2053,2024-06-13,West,Electronics,Nova Monitor,Corporate,3,889.82,529.8
ORD-2054,2024-06-14,North,Apparel,Core Tee,Consumer,3,247.31,159.83
ORD-2055,2024-06-14,South,Furniture,Ergo Chair,Corporate,5,1304.84,775.44
ORD-2056,2024-06-14,Central,Office,Gel Pens,Consumer,2,50.37,28.3
ORD-2057,2024-06-15,North,Office,Notebook Set,Corporate,2,38.1,24.43
ORD-2058,2024-06-15,North,Furniture,Oak Desk,Corporate,1,323.8,226.41
ORD-2059,2024-06-15,Central,Furniture,Oak Desk,Corporate,3,986.92,640.22
ORD-2060,2024-06-16,North,Apparel,Trail Jacket,SMB,1,94.15,55.19
ORD-2061,2024-06-16,West,Electronics,Pulse Earbuds,Consumer,3,1216.94,847.49
ORD-2062,2024-06-17,Central,Furniture,Oak Desk,Corporate,3,837.78,474.6
ORD-2063,2024-06-17,West,Furniture,Ergo Chair,Corporate,3,803.82,471.16
ORD-2064,2024-06-17,East,Electronics,Pulse Earbuds,SMB,4,1609.17,941.52
ORD-2065,2024-06-17,Central,Office,Gel Pens,SMB,1,17.88,11.22
ORD-2066,2024-06-18,East,Apparel,Trail Jacket,Consumer,2,149.84,91.05
ORD-2067,2024-06-18,East,Office,Notebook Set,SMB,5,103.94,57.93
ORD-2068,2024-06-18,West,Electronics,Pulse Earbuds,Consumer,1,271.65,187.23
ORD-2069,2024-06-18,North,Office,Gel Pens,SMB,5,103.78,58.66
ORD-2070,2024-06-18,Central,Furniture,Oak Desk,Consumer,2,542.95,300.11
ORD-2071,2024-06-19,North,Office,Gel Pens,Corporate,5,93.04,53.8
ORD-2072,2024-06-19,South,Furniture,Ergo Chair,Corporate,2,398.83,225.1
ORD-2073,2024-06-19,Central,Office,Notebook Set,SMB,5,91.13,58.54
ORD-2074,2024-06-20,South,Apparel,Core Tee,SMB,1,74.22,48.1
ORD-2075,2024-06-20,North,Furniture,Ergo Chair,SMB,5,948.16,640.73
ORD-2076,2024-06-21,North,Office,Notebook Set,SMB,1,24.53,17.03
ORD-2077,2024-06-21,East,Office,Gel Pens,SMB,1,25.02,15.88
ORD-2078,2024-06-22,West,Electronics,Pulse Earbuds,Corporate,1,513.78,307.92
ORD-2079,2024-06-22,West,Electronics,Nova Monitor,SMB,2,551.03,311.01
ORD-2080,2024-06-23,East,Electronics,Nova Monitor,SMB,1,508.92,316.94
ORD-2081,2024-06-23,South,Furniture,Oak Desk,Consumer,4,1304.58,744.2
ORD-2082,2024-06-23,South,Apparel,Trail Jacket,Corporate,2,115.74,72.07
ORD-2083,2024-06-24,West,Electronics,Pulse Earbuds,Corporate,2,800.41,475.31
ORD-2084,2024-06-24,North,Electronics,Pulse Earbuds,Corporate,1,511.9,313.15
ORD-2085,2024-06-24,West,Furniture,Ergo Chair,SMB,3,585.46,341.11
ORD-2086,2024-06-24,Central,Office,Notebook Set,SMB,2,40.38,22.43
ORD-2087,2024-06-24,Central,Office,Gel Pens,Corporate,3,41.44,25.96
ORD-2088,2024-06-25,South,Electronics,Aura Laptop,Corporate,1,299.02,175.35
ORD-2089,2024-06-25,South,Office,Gel Pens,SMB,5,123.26,72.25
ORD-2090,2024-06-25,Central,Office,Gel Pens,SMB,1,20.21,13.85
ORD-2091,2024-06-25,South,Furniture,Ergo Chair,Corporate,4,782.14,540.65
ORD-2092,2024-06-26,North,Electronics,Aura Laptop,Corporate,1,504.82,319.11
ORD-2093,2024-06-26,West,Office,Gel Pens,SMB,1,14.23,8.2
ORD-2094,2024-06-26,East,Apparel,Trail Jacket,SMB,1,94.57,64.92
ORD-2095,2024-06-26,South,Electronics,Aura Laptop,Consumer,2,669.65,466.93
ORD-2096,2024-06-27,East,Office,Notebook Set,SMB,4,90.16,57.82
ORD-2097,2024-06-27,Central,Furniture,Oak Desk,Consumer,2,612.12,364.03
ORD-2098,2024-06-27,Central,Furniture,Oak Desk,SMB,5,1804.41,1054.33
ORD-2099,2024-06-27,North,Office,Gel Pens,Consumer,3,51.45,33.74
ORD-2100,2024-06-27,West,Furniture,Oak Desk,Corporate,5,1402.38,777.17
ORD-2101,2024-06-28,East,Apparel,Trail Jacket,Corporate,2,169.23,113.23
ORD-2102,2024-06-28,West,Apparel,Core Tee,SMB,4,289.89,174.72
ORD-2103,2024-06-28,Central,Apparel,Trail Jacket,Consumer,5,261.98,182.85
ORD-2104,2024-06-28,North,Furniture,Oak Desk,Consumer,2,686.84,472.62
ORD-2105,2024-06-28,South,Office,Gel Pens,SMB,5,67.15,38.33
ORD-2106,2024-06-29,West,Apparel,Core Tee,SMB,4,329.74,197.44
ORD-2107,2024-06-29,Central,Apparel,Trail Jacket,Corporate,2,164.65,94.14
ORD-2108,2024-06-29,Central,Furniture,Ergo Chair,Consumer,3,643.42,380.56
ORD-2109,2024-06-30,East,Furniture,Ergo Chair,Consumer,1,354.14,222.44
ORD-2110,2024-06-30,North,Apparel,Core Tee,Corporate,3,163.95,96.1
ORD-2111,2024-07-01,North,Apparel,Core Tee,Consumer,2,139.76,82.8
ORD-2112,2024-07-01,East,Office,Notebook Set,Consumer,1,16.09,10.84
ORD-2113,2024-07-01,Central,Apparel,Trail Jacket,Consumer,1,96.05,53.35
ORD-2114,2024-07-01,South,Apparel,Core Tee,SMB,2,135.4,81.5
ORD-2115,2024-07-02,West,Apparel,Trail Jacket,Consumer,3,151.05,98.28
ORD-2116,2024-07-02,Central,Apparel,Trail Jacket,Corporate,1,72.99,44.48
ORD-2117,2024-07-02,Central,Office,Gel Pens,Corporate,3,46.82,31.17
ORD-2118,2024-07-03,North,Office,Gel Pens,SMB,5,98.41,57.9
ORD-2119,2024-07-03,North,Electronics,Aura Laptop,Consumer,3,1580.66,1077.32
ORD-2120,2024-07-04,North,Furniture,Oak Desk,SMB,3,1059.75,678.95
ORD-2121,2024-07-04,Central,Office,Gel Pens,SMB,5,118.81,77.34
ORD-2122,2024-07-04,East,Apparel,Trail Jacket,Corporate,1,83.23,56.17
ORD-2123,2024-07-04,North,Office,Gel Pens,Corporate,2,32.04,22
ORD-2124,2024-07-05,West,Office,Gel Pens,Corporate,5,114.3,68.67
ORD-2125,2024-07-05,North,Apparel,Trail Jacket,SMB,1,83.13,52.77
ORD-2126,2024-07-05,South,Electronics,Nova Monitor,Corporate,5,1411.66,777.31
ORD-2127,2024-07-05,Central,Electronics,Nova Monitor,SMB,3,1492.06,1032.73
ORD-2128,2024-07-06,Central,Apparel,Trail Jacket,Corporate,5,286.11,188.45
ORD-2129,2024-07-06,Central,Furniture,Ergo Chair,Corporate,3,839.1,517.16
ORD-2130,2024-07-06,South,Office,Gel Pens,Consumer,5,88.94,60.6
ORD-2131,2024-07-06,North,Office,Gel Pens,SMB,1,24.64,14.45
ORD-2132,2024-07-07,Central,Electronics,Aura Laptop,Corporate,2,765.73,478.12
ORD-2133,2024-07-07,North,Office,Gel Pens,Corporate,1,24.43,13.71
ORD-2134,2024-07-07,West,Furniture,Oak Desk,Consumer,2,676.34,455.66
ORD-2135,2024-07-08,Central,Office,Notebook Set,SMB,4,71.86,44.45
ORD-2136,2024-07-08,East,Office,Gel Pens,SMB,1,21.97,14.26
ORD-2137,2024-07-08,Central,Electronics,Nova Monitor,SMB,3,1104.5,696.38
ORD-2138,2024-07-08,North,Electronics,Nova Monitor,Corporate,1,376.29,247.87
ORD-2139,2024-07-08,Central,Furniture,Ergo Chair,Corporate,5,1126.02,638.65
ORD-2140,2024-07-09,North,Electronics,Pulse Earbuds,Consumer,2,902.77,527.07
ORD-2141,2024-07-09,West,Apparel,Trail Jacket,Consumer,1,74.15,44.17
ORD-2142,2024-07-09,Central,Furniture,Ergo Chair,SMB,4,1214.86,740.25
ORD-2143,2024-07-09,West,Electronics,Aura Laptop,SMB,1,355.3,215.48
ORD-2144,2024-07-10,Central,Apparel,Core Tee,SMB,1,91.51,51
ORD-2145,2024-07-10,South,Office,Notebook Set,SMB,2,28.73,18.9
ORD-2146,2024-07-10,North,Electronics,Nova Monitor,SMB,5,2087.82,1445.18
ORD-2147,2024-07-10,West,Apparel,Core Tee,SMB,4,201.77,120.68
ORD-2148,2024-07-10,North,Apparel,Core Tee,Corporate,3,149.05,100.06
ORD-2149,2024-07-11,South,Electronics,Aura Laptop,SMB,3,1129.84,758.26
ORD-2150,2024-07-11,North,Apparel,Trail Jacket,Consumer,1,93.89,52.35
ORD-2151,2024-07-12,South,Electronics,Aura Laptop,SMB,5,2326.63,1297.62
ORD-2152,2024-07-12,Central,Furniture,Ergo Chair,SMB,4,1006.73,563.06
ORD-2153,2024-07-12,South,Apparel,Trail Jacket,Consumer,2,143.75,79.88
ORD-2154,2024-07-12,South,Office,Notebook Set,SMB,3,73.24,48.55
ORD-2155,2024-07-13,West,Furniture,Oak Desk,Consumer,3,713.14,479.05
ORD-2156,2024-07-13,South,Furniture,Oak Desk,Consumer,5,1314.53,843.37
ORD-2157,2024-07-13,West,Office,Notebook Set,Corporate,2,33.74,18.99
ORD-2158,2024-07-13,North,Electronics,Pulse Earbuds,SMB,4,1473.33,980.82
ORD-2159,2024-07-13,Central,Furniture,Ergo Chair,Consumer,5,978.37,559.87
ORD-2160,2024-07-14,Central,Electronics,Nova Monitor,SMB,5,1611.65,887.08
ORD-2161,2024-07-14,Central,Electronics,Pulse Earbuds,Corporate,2,676.15,420.86
ORD-2162,2024-07-14,West,Office,Gel Pens,SMB,2,43.26,24.18
ORD-2163,2024-07-15,South,Apparel,Core Tee,Consumer,4,368.52,253.53
ORD-2164,2024-07-15,East,Electronics,Pulse Earbuds,Corporate,5,1405.79,954.08
ORD-2165,2024-07-16,North,Electronics,Pulse Earbuds,SMB,2,670.06,412.86
ORD-2166,2024-07-16,Central,Furniture,Oak Desk,SMB,5,1528.07,920.62
ORD-2167,2024-07-16,North,Furniture,Oak Desk,SMB,3,919.14,541.19
ORD-2168,2024-07-17,West,Apparel,Trail Jacket,SMB,5,421.01,276.72
ORD-2169,2024-07-17,North,Office,Gel Pens,Consumer,3,57.11,39.44
ORD-2170,2024-07-18,Central,Electronics,Pulse Earbuds,Corporate,2,773.51,492
ORD-2171,2024-07-18,South,Apparel,Core Tee,Consumer,3,161.48,102.57
ORD-2172,2024-07-18,South,Electronics,Pulse Earbuds,SMB,1,457.58,283.53
ORD-2173,2024-07-18,East,Furniture,Ergo Chair,SMB,1,300.11,189.99
ORD-2174,2024-07-18,West,Furniture,Ergo Chair,SMB,5,1052.97,616.35
ORD-2175,2024-07-19,Central,Furniture,Oak Desk,SMB,3,1027.91,662.01
ORD-2176,2024-07-19,West,Office,Notebook Set,SMB,4,69.84,48.35
ORD-2177,2024-07-19,East,Electronics,Nova Monitor,SMB,5,1957.9,1158.54
ORD-2178,2024-07-20,South,Furniture,Oak Desk,Corporate,2,683.89,426.65
ORD-2179,2024-07-20,North,Electronics,Pulse Earbuds,Corporate,5,2654.92,1685.92
ORD-2180,2024-07-20,South,Electronics,Pulse Earbuds,Consumer,2,940.82,543.36
ORD-2181,2024-07-20,Central,Office,Gel Pens,SMB,2,25.32,14.06
ORD-2182,2024-07-20,West,Electronics,Nova Monitor,SMB,2,655.09,406.48
ORD-2183,2024-07-21,North,Electronics,Pulse Earbuds,Corporate,4,1841.52,1015.72
ORD-2184,2024-07-21,West,Apparel,Core Tee,Consumer,1,81.45,52.72
ORD-2185,2024-07-21,North,Apparel,Core Tee,Corporate,2,129.16,86.83
ORD-2186,2024-07-21,North,Furniture,Ergo Chair,SMB,1,182.66,100.91
ORD-2187,2024-07-22,South,Electronics,Pulse Earbuds,Corporate,3,912.22,503.16
ORD-2188,2024-07-22,West,Apparel,Core Tee,Consumer,4,292.13,177.6
ORD-2189,2024-07-22,North,Electronics,Nova Monitor,Corporate,2,943.16,571.65
ORD-2190,2024-07-22,West,Electronics,Pulse Earbuds,Corporate,1,317.75,200
ORD-2191,2024-07-22,South,Office,Notebook Set,Consumer,3,41,28.41
ORD-2192,2024-07-23,North,Office,Notebook Set,Consumer,2,32.22,18.97
ORD-2193,2024-07-23,South,Furniture,Oak Desk,SMB,4,1293.02,806.93
ORD-2194,2024-07-23,East,Office,Notebook Set,Consumer,4,78.23,48.89
ORD-2195,2024-07-24,North,Electronics,Nova Monitor,Corporate,3,994.44,560.88
ORD-2196,2024-07-24,North,Electronics,Aura Laptop,SMB,2,594.19,329.34
ORD-2197,2024-07-24,South,Apparel,Core Tee,Corporate,3,283.31,161.92
ORD-2198,2024-07-25,East,Furniture,Ergo Chair,SMB,3,576.24,362.64
ORD-2199,2024-07-25,Central,Apparel,Trail Jacket,SMB,1,49.5,33.2
ORD-2200,2024-07-26,South,Electronics,Pulse Earbuds,Consumer,4,1176.61,808.4
ORD-2201,2024-07-26,South,Office,Gel Pens,SMB,5,88.59,50.82
ORD-2202,2024-07-26,West,Electronics,Pulse Earbuds,Consumer,2,768.85,521.83
ORD-2203,2024-07-26,East,Furniture,Oak Desk,Consumer,2,596.13,378.54
ORD-2204,2024-07-26,Central,Furniture,Ergo Chair,Consumer,2,472,281.46
ORD-2205,2024-07-27,West,Electronics,Nova Monitor,Corporate,5,2301.5,1368.33
ORD-2206,2024-07-27,North,Electronics,Pulse Earbuds,Corporate,4,1212.66,740.54
ORD-2207,2024-07-27,West,Office,Gel Pens,SMB,1,13.09,9.09
ORD-2208,2024-07-28,North,Apparel,Core Tee,Corporate,4,214.04,146.58
ORD-2209,2024-07-28,North,Apparel,Trail Jacket,SMB,1,59.32,40.03
ORD-2210,2024-07-28,North,Apparel,Core Tee,Corporate,5,355.14,243.97
ORD-2211,2024-07-28,West,Apparel,Trail Jacket,Corporate,2,156.69,93.82
ORD-2212,2024-07-29,Central,Apparel,Core Tee,SMB,4,358.16,200.59
ORD-2213,2024-07-29,East,Furniture,Oak Desk,Consumer,5,1642.4,959.18
ORD-2214,2024-07-30,Central,Electronics,Pulse Earbuds,Corporate,2,575.44,354.56
ORD-2215,2024-07-30,Central,Apparel,Trail Jacket,Corporate,2,116.91,69.27
ORD-2216,2024-07-30,North,Electronics,Aura Laptop,Consumer,4,1331.17,915.31
ORD-2217,2024-07-31,North,Furniture,Oak Desk,Corporate,5,1776.66,1048.63
ORD-2218,2024-07-31,South,Office,Gel Pens,SMB,3,62.63,39.04
ORD-2219,2024-07-31,West,Furniture,Ergo Chair,SMB,5,1351.43,832.2
ORD-2220,2024-07-31,South,Office,Gel Pens,SMB,2,47.83,30.82
ORD-2221,2024-08-01,Central,Apparel,Trail Jacket,Corporate,3,286.21,182.09
ORD-2222,2024-08-01,North,Office,Notebook Set,SMB,5,104.8,69.96
ORD-2223,2024-08-02,East,Furniture,Oak Desk,Consumer,5,1727.02,1026.36
ORD-2224,2024-08-02,South,Apparel,Core Tee,SMB,4,220.43,122.98
ORD-2225,2024-08-02,Central,Office,Gel Pens,SMB,5,76.78,45.53
ORD-2226,2024-08-03,West,Apparel,Trail Jacket,Consumer,1,72.74,41.52
ORD-2227,2024-08-03,Central,Office,Notebook Set,Corporate,4,99.55,67.67
ORD-2228,2024-08-04,North,Electronics,Aura Laptop,Corporate,2,684.74,391.86
ORD-2229,2024-08-04,South,Electronics,Pulse Earbuds,Consumer,5,1558.34,912.71
ORD-2230,2024-08-04,East,Electronics,Nova Monitor,SMB,3,1347.99,914.19
ORD-2231,2024-08-04,East,Office,Gel Pens,Consumer,3,62.12,37.42
ORD-2232,2024-08-05,North,Apparel,Core Tee,Corporate,3,188.8,107.01
ORD-2233,2024-08-05,Central,Apparel,Core Tee,Corporate,2,104.14,58.02
ORD-2234,2024-08-06,East,Electronics,Aura Laptop,Corporate,4,1209.56,777.16
ORD-2235,2024-08-06,North,Electronics,Pulse Earbuds,Consumer,2,770.4,535.87
ORD-2236,2024-08-06,West,Apparel,Trail Jacket,SMB,4,371.61,212.57
ORD-2237,2024-08-07,South,Furniture,Ergo Chair,Corporate,3,705.13,459.69
ORD-2238,2024-08-07,West,Electronics,Pulse Earbuds,SMB,4,1799.55,1164.3
ORD-2239,2024-08-08,Central,Office,Gel Pens,SMB,4,59.98,34.99
ORD-2240,2024-08-08,South,Furniture,Ergo Chair,SMB,1,330.41,223.56
ORD-2241,2024-08-08,North,Apparel,Core Tee,SMB,4,374.69,254.15
ORD-2242,2024-08-08,East,Electronics,Aura Laptop,SMB,2,1000.44,612.22
ORD-2243,2024-08-09,South,Apparel,Core Tee,Consumer,5,249.1,171.54
ORD-2244,2024-08-09,West,Apparel,Trail Jacket,Corporate,1,65.03,38.47
ORD-2245,2024-08-10,North,Office,Gel Pens,SMB,5,107.04,61.88
ORD-2246,2024-08-10,North,Office,Notebook Set,Corporate,2,48.42,28.28
ORD-2247,2024-08-10,Central,Office,Gel Pens,Consumer,1,15.28,10.59
ORD-2248,2024-08-10,West,Office,Gel Pens,SMB,3,46.59,28.78
ORD-2249,2024-08-11,North,Office,Gel Pens,Corporate,2,29.93,18.46
ORD-2250,2024-08-11,East,Furniture,Oak Desk,Consumer,2,545.15,347.2
ORD-2251,2024-08-11,West,Apparel,Trail Jacket,SMB,1,49.94,34.56
ORD-2252,2024-08-12,West,Office,Gel Pens,SMB,5,89.82,51.74
ORD-2253,2024-08-12,North,Furniture,Oak Desk,SMB,3,866.6,557.84
ORD-2254,2024-08-13,North,Office,Gel Pens,Consumer,5,92.16,60.83
ORD-2255,2024-08-13,East,Electronics,Aura Laptop,SMB,3,862.66,598.78
ORD-2256,2024-08-13,South,Electronics,Aura Laptop,Consumer,5,1360.6,776.85
ORD-2257,2024-08-13,West,Office,Notebook Set,Consumer,4,96.25,66.29
ORD-2258,2024-08-14,South,Apparel,Trail Jacket,SMB,4,260.51,155.36
ORD-2259,2024-08-14,West,Electronics,Aura Laptop,Consumer,4,1541.23,993.43
ORD-2260,2024-08-14,South,Office,Gel Pens,Consumer,2,36.23,21.6
ORD-2261,2024-08-14,East,Furniture,Oak Desk,Consumer,1,296.85,190.3
ORD-2262,2024-08-15,West,Furniture,Oak Desk,Corporate,5,1345.79,849.73
ORD-2263,2024-08-15,South,Electronics,Aura Laptop,Corporate,5,1958.75,1102.87
ORD-2264,2024-08-15,South,Furniture,Oak Desk,Consumer,2,570.5,375.67
ORD-2265,2024-08-15,East,Electronics,Pulse Earbuds,Corporate,5,1996.01,1132.04
ORD-2266,2024-08-15,West,Furniture,Oak Desk,Consumer,2,387.52,220.54
ORD-2267,2024-08-16,North,Office,Notebook Set,SMB,3,57.14,36.68
ORD-2268,2024-08-16,East,Furniture,Oak Desk,SMB,1,287.39,189.78
ORD-2269,2024-08-17,North,Furniture,Ergo Chair,SMB,4,746.59,463.65
ORD-2270,2024-08-17,East,Office,Gel Pens,SMB,5,82.82,46.77
ORD-2271,2024-08-17,South,Furniture,Ergo Chair,Corporate,5,1764.62,981.34
ORD-2272,2024-08-17,West,Electronics,Aura Laptop,Corporate,4,1296.01,767.72
ORD-2273,2024-08-18,East,Electronics,Aura Laptop,Corporate,2,935.16,645.87
ORD-2274,2024-08-18,West,Furniture,Ergo Chair,Corporate,4,1427.23,972.36
ORD-2275,2024-08-18,East,Electronics,Pulse Earbuds,SMB,2,640.89,391.97
ORD-2276,2024-08-19,East,Furniture,Oak Desk,Corporate,5,1327.24,761.69
ORD-2277,2024-08-19,East,Office,Notebook Set,Corporate,4,72.34,49.97
ORD-2278,2024-08-19,West,Apparel,Core Tee,Consumer,1,83.34,48.93
ORD-2279,2024-08-19,Central,Furniture,Ergo Chair,Consumer,4,974.08,639.61
ORD-2280,2024-08-20,East,Furniture,Oak Desk,Consumer,2,629.85,429.74
ORD-2281,2024-08-20,North,Apparel,Core Tee,Consumer,3,155.09,103.78
ORD-2282,2024-08-21,South,Electronics,Nova Monitor,SMB,5,2160.31,1257.35
ORD-2283,2024-08-21,Central,Furniture,Oak Desk,SMB,5,1417.63,931.83
ORD-2284,2024-08-22,North,Furniture,Oak Desk,Corporate,3,756.45,500.98
ORD-2285,2024-08-22,East,Apparel,Trail Jacket,Consumer,4,240.17,135.33
ORD-2286,2024-08-22,Central,Office,Notebook Set,SMB,2,48.11,29.8
ORD-2287,2024-08-22,East,Furniture,Ergo Chair,Corporate,4,998.43,575.72
ORD-2288,2024-08-22,East,Office,Notebook Set,Consumer,4,89.28,51.05
ORD-2289,2024-08-23,East,Furniture,Ergo Chair,Corporate,5,956.96,605.36
ORD-2290,2024-08-23,North,Apparel,Core Tee,SMB,5,325.04,195.4
ORD-2291,2024-08-23,Central,Furniture,Ergo Chair,Corporate,5,1076.16,747.52
ORD-2292,2024-08-23,Central,Apparel,Trail Jacket,Corporate,1,57.52,31.89
ORD-2293,2024-08-24,West,Furniture,Oak Desk,SMB,4,1222.13,849.51
ORD-2294,2024-08-24,West,Office,Notebook Set,Consumer,1,22.73,14.22
ORD-2295,2024-08-24,South,Office,Notebook Set,SMB,5,104.11,70.9
ORD-2296,2024-08-24,South,Apparel,Trail Jacket,Consumer,2,154.49,91.31
ORD-2297,2024-08-25,North,Office,Gel Pens,Corporate,5,68.39,45.17
ORD-2298,2024-08-25,East,Office,Notebook Set,Consumer,5,95.48,58.21
ORD-2299,2024-08-26,East,Office,Notebook Set,SMB,3,44.37,26.14
ORD-2300,2024-08-26,Central,Apparel,Core Tee,Consumer,2,112.79,63.16
ORD-2301,2024-08-26,North,Electronics,Pulse Earbuds,Consumer,3,1035.9,721.72
ORD-2302,2024-08-26,South,Furniture,Ergo Chair,Corporate,2,634.22,355.3
ORD-2303,2024-08-27,South,Apparel,Core Tee,Corporate,2,179.59,107.28
ORD-2304,2024-08-27,South,Apparel,Trail Jacket,Consumer,3,156.1,89.74
ORD-2305,2024-08-27,North,Furniture,Ergo Chair,SMB,3,1068.07,606.77
ORD-2306,2024-08-27,North,Office,Gel Pens,SMB,1,14.32,9.99
ORD-2307,2024-08-27,East,Apparel,Trail Jacket,Corporate,2,169.56,112.16
ORD-2308,2024-08-28,West,Furniture,Oak Desk,Consumer,4,891.92,491.85
ORD-2309,2024-08-28,South,Apparel,Trail Jacket,Consumer,3,284.82,165.45
ORD-2310,2024-08-28,North,Apparel,Trail Jacket,SMB,5,403.01,278.31
ORD-2311,2024-08-28,Central,Furniture,Oak Desk,Consumer,2,490.23,324.12
ORD-2312,2024-08-28,South,Electronics,Nova Monitor,Corporate,3,807.58,474.76
ORD-2313,2024-08-29,South,Electronics,Aura Laptop,Corporate,5,2454.23,1550.28
ORD-2314,2024-08-29,West,Office,Gel Pens,Consumer,1,18.27,11.82
ORD-2315,2024-08-29,North,Furniture,Ergo Chair,SMB,1,213.5,147.95
ORD-2316,2024-08-29,North,Apparel,Core Tee,Consumer,4,219.62,125.33
ORD-2317,2024-08-30,Central,Electronics,Pulse Earbuds,Corporate,5,1558.71,1034.51
ORD-2318,2024-08-30,South,Office,Gel Pens,Consumer,2,49.3,29.72
ORD-2319,2024-08-30,Central,Apparel,Trail Jacket,SMB,5,407.9,244.77
ORD-2320,2024-08-30,North,Electronics,Pulse Earbuds,Corporate,4,1744.78,1195.85
ORD-2321,2024-08-30,West,Apparel,Core Tee,Consumer,5,419.82,246.9
ORD-2322,2024-08-31,North,Apparel,Core Tee,Corporate,3,264.87,145.72
ORD-2323,2024-08-31,Central,Electronics,Pulse Earbuds,Consumer,1,358.02,215.83
ORD-2324,2024-08-31,West,Electronics,Nova Monitor,Consumer,5,2018.1,1275.91
ORD-2325,2024-08-31,Central,Office,Notebook Set,SMB,1,19.44,11.89
ORD-2326,2024-09-01,North,Office,Notebook Set,SMB,2,46.98,30.14
ORD-2327,2024-09-01,North,Electronics,Nova Monitor,SMB,2,786.95,457.79
ORD-2328,2024-09-01,Central,Office,Notebook Set,Consumer,5,122.09,74.59
ORD-2329,2024-09-01,South,Office,Gel Pens,Consumer,3,46.05,31.84
ORD-2330,2024-09-01,North,Furniture,Ergo Chair,Consumer,5,1236.8,748.49
ORD-2331,2024-09-02,West,Apparel,Trail Jacket,Corporate,5,308.94,214.74
ORD-2332,2024-09-02,Central,Apparel,Core Tee,Consumer,4,302.59,208.32
ORD-2333,2024-09-02,West,Electronics,Aura Laptop,Consumer,5,1335.51,923.08
ORD-2334,2024-09-03,West,Furniture,Oak Desk,Consumer,2,432.25,253.3
ORD-2335,2024-09-03,South,Furniture,Ergo Chair,Consumer,4,758.43,429.17
ORD-2336,2024-09-03,West,Electronics,Nova Monitor,Corporate,5,2092.35,1393.31
ORD-2337,2024-09-03,Central,Electronics,Aura Laptop,Consumer,5,1886.9,1079.79
ORD-2338,2024-09-04,North,Apparel,Trail Jacket,Corporate,2,113.55,77.34
ORD-2339,2024-09-04,North,Office,Gel Pens,Corporate,5,65.15,38.71
ORD-2340,2024-09-04,West,Office,Gel Pens,SMB,4,96.69,55.1
ORD-2341,2024-09-05,Central,Office,Gel Pens,Corporate,1,17.24,10.46
ORD-2342,2024-09-05,South,Office,Notebook Set,SMB,5,123.27,85.55
ORD-2343,2024-09-05,West,Apparel,Trail Jacket,SMB,5,445.86,283.58
ORD-2344,2024-09-05,West,Furniture,Ergo Chair,SMB,5,1095.47,640.46
ORD-2345,2024-09-06,Central,Office,Gel Pens,SMB,2,44.1,29.63
ORD-2346,2024-09-06,Central,Apparel,Core Tee,Consumer,4,319.79,211.22
ORD-2347,2024-09-07,South,Office,Notebook Set,SMB,3,48.85,27.38
ORD-2348,2024-09-07,East,Apparel,Core Tee,SMB,2,168.23,95.48
ORD-2349,2024-09-08,East,Furniture,Ergo Chair,Consumer,3,833.7,539.34
ORD-2350,2024-09-08,Central,Apparel,Core Tee,Corporate,3,287.41,190.43
ORD-2351,2024-09-09,North,Furniture,Oak Desk,Consumer,3,559.88,323.27
ORD-2352,2024-09-09,Central,Furniture,Ergo Chair,Corporate,2,660.63,404.21
ORD-2353,2024-09-09,Central,Office,Notebook Set,Consumer,2,28.38,17.67
ORD-2354,2024-09-09,South,Office,Gel Pens,SMB,5,122.43,80.18
ORD-2355,2024-09-09,West,Apparel,Trail Jacket,Corporate,5,297.03,189.19
ORD-2356,2024-09-10,East,Office,Gel Pens,Corporate,5,64.21,44.71
ORD-2357,2024-09-10,West,Office,Notebook Set,Consumer,2,40.61,27.19
ORD-2358,2024-09-11,Central,Furniture,Ergo Chair,Corporate,4,977.76,678.91
ORD-2359,2024-09-11,North,Electronics,Nova Monitor,Corporate,5,1731.3,991.92
ORD-2360,2024-09-12,North,Office,Notebook Set,SMB,4,94.36,62.25
ORD-2361,2024-09-12,East,Apparel,Core Tee,Consumer,5,353.27,246.44
ORD-2362,2024-09-13,South,Apparel,Trail Jacket,Corporate,1,49.61,29.34
ORD-2363,2024-09-13,North,Electronics,Aura Laptop,SMB,3,1054.74,738.15
ORD-2364,2024-09-13,Central,Furniture,Ergo Chair,SMB,4,986.19,554.21
ORD-2365,2024-09-13,South,Office,Gel Pens,SMB,1,20.6,13.98
ORD-2366,2024-09-14,East,Electronics,Aura Laptop,Corporate,1,391.04,252.5
ORD-2367,2024-09-14,South,Electronics,Nova Monitor,SMB,5,1869.88,1134.76
ORD-2368,2024-09-15,South,Electronics,Pulse Earbuds,Consumer,5,1717.3,954.2
ORD-2369,2024-09-15,South,Apparel,Trail Jacket,Consumer,1,95.52,65.92
ORD-2370,2024-09-15,Central,Apparel,Core Tee,Consumer,4,233.96,145.57
ORD-2371,2024-09-15,West,Apparel,Core Tee,Corporate,3,241.39,158.44
ORD-2372,2024-09-16,West,Apparel,Trail Jacket,Consumer,5,471.18,292.06
ORD-2373,2024-09-16,North,Office,Notebook Set,Corporate,2,32.2,21.45
ORD-2374,2024-09-16,Central,Electronics,Nova Monitor,SMB,3,1571.44,1017.94
ORD-2375,2024-09-16,Central,Office,Gel Pens,Corporate,5,118.51,78.86
ORD-2376,2024-09-17,Central,Apparel,Core Tee,Corporate,5,277.59,174.6
ORD-2377,2024-09-17,North,Electronics,Pulse Earbuds,SMB,1,351.3,223.47
ORD-2378,2024-09-18,West,Furniture,Ergo Chair,Corporate,2,528.06,297.69
ORD-2379,2024-09-18,North,Furniture,Ergo Chair,Consumer,2,670.78,423.6
ORD-2380,2024-09-18,East,Apparel,Core Tee,Corporate,4,342.07,234.46
ORD-2381,2024-09-18,West,Office,Notebook Set,Corporate,1,15.72,9.96
ORD-2382,2024-09-18,West,Apparel,Core Tee,SMB,1,57.87,32.13
ORD-2383,2024-09-19,Central,Electronics,Aura Laptop,Consumer,3,874.68,497.74
ORD-2384,2024-09-19,North,Furniture,Ergo Chair,Corporate,3,797.68,537.35
ORD-2385,2024-09-20,East,Electronics,Nova Monitor,Corporate,4,1319.64,771.63
ORD-2386,2024-09-20,South,Office,Gel Pens,Corporate,1,23.53,14.29
ORD-2387,2024-09-20,West,Apparel,Trail Jacket,SMB,4,227.69,128.09
ORD-2388,2024-09-21,Central,Furniture,Ergo Chair,Corporate,3,713.05,438.3
ORD-2389,2024-09-21,East,Furniture,Oak Desk,Corporate,5,1762.51,1067.98
ORD-2390,2024-09-21,South,Furniture,Ergo Chair,Corporate,2,619.6,391.97
ORD-2391,2024-09-22,Central,Apparel,Trail Jacket,Corporate,4,246.89,157.54
ORD-2392,2024-09-22,North,Apparel,Core Tee,Consumer,1,54.51,32.84
ORD-2393,2024-09-22,North,Electronics,Pulse Earbuds,Corporate,2,1056.64,682.39
ORD-2394,2024-09-23,South,Furniture,Oak Desk,Corporate,4,1212.51,770.27
ORD-2395,2024-09-23,Central,Furniture,Ergo Chair,SMB,4,1134.22,704.71
ORD-2396,2024-09-23,East,Apparel,Trail Jacket,Corporate,5,247.02,143.36
ORD-2397,2024-09-23,North,Furniture,Oak Desk,Consumer,5,1216.68,850.27
ORD-2398,2024-09-23,North,Furniture,Ergo Chair,Consumer,3,984.38,674.54
ORD-2399,2024-09-24,North,Office,Notebook Set,SMB,4,57.79,35.25
ORD-2400,2024-09-24,North,Furniture,Ergo Chair,Corporate,5,1751.57,990.58
ORD-2401,2024-09-24,South,Furniture,Oak Desk,Consumer,2,408.52,278
ORD-2402,2024-09-25,North,Furniture,Ergo Chair,Consumer,4,1241.37,831.13
ORD-2403,2024-09-25,North,Apparel,Core Tee,SMB,5,317.66,176.34
ORD-2404,2024-09-25,North,Office,Notebook Set,SMB,4,74.28,49.77
ORD-2405,2024-09-25,East,Electronics,Pulse Earbuds,Corporate,3,910.98,591.38
ORD-2406,2024-09-25,East,Furniture,Oak Desk,Consumer,2,375.49,241.21
ORD-2407,2024-09-26,East,Furniture,Oak Desk,Consumer,1,203.39,116.93
ORD-2408,2024-09-26,East,Electronics,Aura Laptop,Consumer,3,1553.48,924.1
ORD-2409,2024-09-26,Central,Apparel,Trail Jacket,Consumer,3,276.51,173
ORD-2410,2024-09-27,East,Apparel,Core Tee,SMB,3,206.24,114.65
ORD-2411,2024-09-27,East,Office,Notebook Set,Corporate,1,24.23,13.83
ORD-2412,2024-09-28,Central,Furniture,Oak Desk,Corporate,2,447.65,285.56
ORD-2413,2024-09-28,Central,Office,Gel Pens,Corporate,2,44.67,30.13
ORD-2414,2024-09-28,East,Electronics,Aura Laptop,SMB,5,2394.23,1607.51
ORD-2415,2024-09-28,North,Furniture,Ergo Chair,Consumer,1,244.98,150.77
ORD-2416,2024-09-28,North,Office,Gel Pens,Corporate,2,39.21,21.96
ORD-2417,2024-09-29,South,Apparel,Core Tee,Corporate,1,66.19,44.55
ORD-2418,2024-09-29,North,Apparel,Core Tee,SMB,4,324.39,212.31
ORD-2419,2024-09-29,Central,Apparel,Trail Jacket,SMB,2,149.74,87.37
ORD-2420,2024-09-29,South,Electronics,Aura Laptop,Corporate,4,1226.97,714.45
ORD-2421,2024-09-30,South,Office,Notebook Set,Consumer,1,12.93,7.61
ORD-2422,2024-09-30,North,Furniture,Ergo Chair,Corporate,4,1214.78,692.85
ORD-2423,2024-10-01,North,Apparel,Core Tee,Corporate,4,342.48,203.56
ORD-2424,2024-10-01,East,Apparel,Trail Jacket,Consumer,2,124.7,79.19
ORD-2425,2024-10-01,North,Electronics,Pulse Earbuds,SMB,1,337.98,233.5
ORD-2426,2024-10-01,East,Furniture,Oak Desk,Consumer,3,661.78,462.51
ORD-2427,2024-10-02,West,Furniture,Oak Desk,SMB,4,911.9,550.74
ORD-2428,2024-10-02,East,Furniture,Ergo Chair,Consumer,3,683.98,444.17
ORD-2429,2024-10-02,East,Apparel,Core Tee,Consumer,2,190.62,115.75
ORD-2430,2024-10-03,Central,Apparel,Core Tee,Corporate,4,263.63,173.71
ORD-2431,2024-10-03,South,Furniture,Ergo Chair,Corporate,2,715.57,416.62
ORD-2432,2024-10-03,East,Office,Gel Pens,Corporate,2,31.89,20.64
ORD-2433,2024-10-04,West,Apparel,Trail Jacket,Consumer,4,306.94,192.73
ORD-2434,2024-10-04,West,Office,Gel Pens,SMB,1,22.87,12.79
ORD-2435,2024-10-04,North,Apparel,Trail Jacket,Consumer,2,143.21,93.08
ORD-2436,2024-10-04,West,Furniture,Ergo Chair,SMB,5,1729.76,1051.7
ORD-2437,2024-10-04,West,Electronics,Pulse Earbuds,Corporate,2,883.29,587.87
ORD-2438,2024-10-05,North,Office,Notebook Set,SMB,1,23.88,15.96
ORD-2439,2024-10-05,East,Furniture,Ergo Chair,Consumer,5,1431.52,900.03
ORD-2440,2024-10-05,East,Electronics,Pulse Earbuds,Corporate,5,1703.68,963.25
ORD-2441,2024-10-06,East,Apparel,Trail Jacket,Consumer,2,122.18,70.65
ORD-2442,2024-10-06,North,Electronics,Aura Laptop,Consumer,4,1096.23,716.42
ORD-2443,2024-10-06,East,Electronics,Pulse Earbuds,Consumer,4,1288.69,868.02
ORD-2444,2024-10-06,North,Furniture,Oak Desk,SMB,1,263.72,145.56
ORD-2445,2024-10-07,West,Apparel,Trail Jacket,Corporate,4,324.24,214.23
ORD-2446,2024-10-07,North,Office,Gel Pens,Consumer,2,33.04,22.96
ORD-2447,2024-10-08,West,Furniture,Oak Desk,Corporate,1,315.62,202.51
ORD-2448,2024-10-08,South,Furniture,Oak Desk,SMB,4,1220.45,796.59
ORD-2449,2024-10-08,West,Office,Notebook Set,Consumer,5,87.28,48.57
ORD-2450,2024-10-08,East,Electronics,Aura Laptop,Corporate,4,1619.63,1058.79
ORD-2451,2024-10-08,North,Furniture,Oak Desk,Consumer,2,387.05,219.13
ORD-2452,2024-10-09,North,Electronics,Pulse Earbuds,SMB,1,481.41,327.6
ORD-2453,2024-10-09,East,Electronics,Aura Laptop,Corporate,2,710.66,461.7
ORD-2454,2024-10-10,West,Electronics,Aura Laptop,Corporate,2,991.43,619.71
ORD-2455,2024-10-10,West,Electronics,Nova Monitor,SMB,1,523.7,357.01
ORD-2456,2024-10-11,South,Office,Notebook Set,Corporate,3,62.91,40.36
ORD-2457,2024-10-11,West,Apparel,Core Tee,Corporate,2,135.66,91.88
ORD-2458,2024-10-11,West,Electronics,Aura Laptop,Consumer,2,596.4,353.68
ORD-2459,2024-10-11,East,Apparel,Trail Jacket,SMB,5,393.66,218.2
ORD-2460,2024-10-12,Central,Apparel,Trail Jacket,SMB,3,195.96,122.02
ORD-2461,2024-10-12,South,Electronics,Pulse Earbuds,SMB,4,1963.03,1333.66
ORD-2462,2024-10-13,North,Apparel,Core Tee,SMB,4,222.67,143.19
ORD-2463,2024-10-13,East,Electronics,Nova Monitor,Consumer,3,1049.22,670.19
ORD-2464,2024-10-14,North,Apparel,Trail Jacket,SMB,1,64.28,37.33
ORD-2465,2024-10-14,West,Apparel,Core Tee,SMB,4,363.75,216.01
ORD-2466,2024-10-14,South,Apparel,Trail Jacket,Consumer,3,153.81,96.85
ORD-2467,2024-10-14,South,Electronics,Pulse Earbuds,Corporate,4,1806.38,1071.78
ORD-2468,2024-10-15,Central,Furniture,Ergo Chair,Corporate,5,1526.82,929.89
ORD-2469,2024-10-15,West,Electronics,Nova Monitor,SMB,4,1942.13,1152.51
ORD-2470,2024-10-16,North,Furniture,Ergo Chair,SMB,4,894.77,623.76
ORD-2471,2024-10-16,South,Electronics,Pulse Earbuds,SMB,4,1618.1,971.29
ORD-2472,2024-10-16,East,Apparel,Trail Jacket,Corporate,2,113.89,70.96
ORD-2473,2024-10-17,North,Furniture,Oak Desk,SMB,2,498.02,333.28
ORD-2474,2024-10-17,East,Office,Gel Pens,Corporate,2,26.67,18.32
ORD-2475,2024-10-17,West,Apparel,Trail Jacket,Consumer,1,93.2,63.64
ORD-2476,2024-10-18,Central,Electronics,Nova Monitor,Corporate,2,1008.94,632.43
ORD-2477,2024-10-18,North,Electronics,Aura Laptop,SMB,1,280.26,180.96
ORD-2478,2024-10-18,South,Apparel,Core Tee,Corporate,2,167.5,109.91
ORD-2479,2024-10-19,East,Office,Gel Pens,Corporate,4,76.78,47.82
ORD-2480,2024-10-19,Central,Furniture,Ergo Chair,Corporate,5,985.51,546.26
ORD-2481,2024-10-19,West,Apparel,Trail Jacket,SMB,3,157.08,87.61
ORD-2482,2024-10-20,North,Apparel,Trail Jacket,SMB,5,457.02,252.36
ORD-2483,2024-10-20,East,Furniture,Oak Desk,SMB,2,673.07,455.21
ORD-2484,2024-10-20,West,Furniture,Oak Desk,Corporate,4,743.96,444.61
ORD-2485,2024-10-20,Central,Office,Gel Pens,SMB,4,91.33,54.38
ORD-2486,2024-10-21,East,Furniture,Ergo Chair,Corporate,2,426.4,279.57
ORD-2487,2024-10-21,North,Apparel,Trail Jacket,Corporate,4,333.75,201.22
ORD-2488,2024-10-22,West,Office,Gel Pens,SMB,4,85.58,54.19
ORD-2489,2024-10-22,South,Office,Notebook Set,Corporate,2,32.24,22.55
ORD-2490,2024-10-22,West,Electronics,Nova Monitor,Corporate,1,401.95,248.77
ORD-2491,2024-10-22,West,Apparel,Core Tee,SMB,4,375.21,254.75
ORD-2492,2024-10-23,Central,Furniture,Ergo Chair,SMB,3,739.89,463.85
ORD-2493,2024-10-23,East,Office,Gel Pens,Corporate,3,58.86,35.19
ORD-2494,2024-10-23,West,Apparel,Core Tee,SMB,1,76.71,51.53
ORD-2495,2024-10-23,West,Office,Notebook Set,Consumer,5,95.8,62.82
ORD-2496,2024-10-23,South,Apparel,Trail Jacket,SMB,5,277.37,176.57
ORD-2497,2024-10-24,North,Furniture,Ergo Chair,SMB,5,1100.84,647.99
ORD-2498,2024-10-24,West,Electronics,Pulse Earbuds,Corporate,1,524.87,356.28
ORD-2499,2024-10-24,West,Office,Gel Pens,SMB,4,50.41,29.78
ORD-2500,2024-10-24,North,Furniture,Ergo Chair,SMB,2,578.02,347.56
ORD-2501,2024-10-24,East,Office,Gel Pens,Consumer,3,72.39,45.2
ORD-2502,2024-10-25,South,Electronics,Aura Laptop,Corporate,5,2381.45,1616.86
ORD-2503,2024-10-25,North,Apparel,Trail Jacket,SMB,2,130.66,85.43
ORD-2504,2024-10-26,West,Apparel,Core Tee,SMB,3,269.78,182.72
ORD-2505,2024-10-26,East,Electronics,Aura Laptop,Consumer,3,1109.88,613.26
ORD-2506,2024-10-26,West,Electronics,Nova Monitor,Consumer,4,1089,605.36
ORD-2507,2024-10-26,West,Electronics,Aura Laptop,SMB,5,2041.07,1381
ORD-2508,2024-10-26,West,Office,Gel Pens,SMB,5,114.52,73.54
ORD-2509,2024-10-27,East,Office,Gel Pens,Corporate,2,34.63,23.69
ORD-2510,2024-10-27,West,Furniture,Ergo Chair,Corporate,5,1621.53,1094.42
ORD-2511,2024-10-27,West,Office,Gel Pens,SMB,5,121.25,81.85
ORD-2512,2024-10-27,East,Apparel,Trail Jacket,Consumer,3,207.01,117.34
ORD-2513,2024-10-28,East,Office,Notebook Set,Corporate,4,64.87,36.85
ORD-2514,2024-10-28,North,Furniture,Ergo Chair,Consumer,1,327.55,206.52
ORD-2515,2024-10-29,East,Apparel,Core Tee,Consumer,5,418.23,278.82
ORD-2516,2024-10-29,Central,Apparel,Core Tee,Consumer,1,55.58,33.86
ORD-2517,2024-10-29,North,Electronics,Pulse Earbuds,Corporate,4,1367.95,888.25
ORD-2518,2024-10-30,North,Furniture,Ergo Chair,Consumer,3,1086.68,734.14
ORD-2519,2024-10-30,East,Office,Notebook Set,Consumer,3,68.53,39.35
ORD-2520,2024-10-31,West,Apparel,Core Tee,SMB,2,99.12,69.31
ORD-2521,2024-10-31,West,Furniture,Oak Desk,SMB,3,807.98,476.58
ORD-2522,2024-10-31,South,Electronics,Aura Laptop,SMB,4,1073.26,602.09
ORD-2523,2024-10-31,Central,Office,Gel Pens,Consumer,4,89.48,57.24
ORD-2524,2024-10-31,North,Apparel,Trail Jacket,Consumer,5,291.79,188.32
ORD-2525,2024-11-01,East,Electronics,Nova Monitor,Corporate,3,1429.16,917.75
ORD-2526,2024-11-01,South,Office,Gel Pens,SMB,2,44.05,27.24
ORD-2527,2024-11-01,Central,Electronics,Aura Laptop,SMB,2,681.38,401.68
ORD-2528,2024-11-02,South,Apparel,Trail Jacket,Consumer,4,285.21,161.54
ORD-2529,2024-11-02,East,Apparel,Trail Jacket,Corporate,1,49.63,33.81
ORD-2530,2024-11-02,North,Office,Notebook Set,Corporate,2,28.91,18.8
ORD-2531,2024-11-02,North,Furniture,Ergo Chair,SMB,1,197.21,109.41
ORD-2532,2024-11-03,South,Furniture,Oak Desk,Corporate,3,675.46,437.79
ORD-2533,2024-11-03,East,Furniture,Ergo Chair,Consumer,5,1249.49,755.62
ORD-2534,2024-11-03,East,Apparel,Trail Jacket,Consumer,3,236.04,152.39
ORD-2535,2024-11-03,South,Furniture,Oak Desk,SMB,1,293.59,175.28
ORD-2536,2024-11-04,West,Apparel,Trail Jacket,SMB,3,261.95,178.71
ORD-2537,2024-11-04,North,Apparel,Trail Jacket,Consumer,2,117.6,78.22
ORD-2538,2024-11-04,South,Electronics,Pulse Earbuds,Corporate,1,522.37,326.28
ORD-2539,2024-11-05,South,Apparel,Trail Jacket,Corporate,1,91.24,54.49
ORD-2540,2024-11-05,East,Furniture,Ergo Chair,SMB,2,442.77,257.5
ORD-2541,2024-11-05,South,Apparel,Trail Jacket,Corporate,5,246.72,145.45
ORD-2542,2024-11-06,West,Furniture,Ergo Chair,Consumer,3,784.5,540.24
ORD-2543,2024-11-06,North,Furniture,Oak Desk,Consumer,2,663.22,419.32
ORD-2544,2024-11-06,North,Office,Notebook Set,Consumer,5,94.35,65.02
ORD-2545,2024-11-06,Central,Electronics,Nova Monitor,Corporate,4,1741.72,1079.35
ORD-2546,2024-11-06,South,Office,Notebook Set,Corporate,1,21.24,12.14
ORD-2547,2024-11-07,Central,Office,Gel Pens,Corporate,5,66.83,40.82
ORD-2548,2024-11-07,East,Office,Gel Pens,SMB,4,59.98,35.33
ORD-2549,2024-11-08,West,Office,Notebook Set,Corporate,5,81.68,54.54
ORD-2550,2024-11-08,Central,Apparel,Trail Jacket,Consumer,2,102.65,56.87
ORD-2551,2024-11-08,South,Office,Gel Pens,SMB,4,76.93,53.34
ORD-2552,2024-11-08,East,Office,Gel Pens,Corporate,3,72.54,42.69
ORD-2553,2024-11-08,East,Furniture,Oak Desk,Consumer,4,1038.73,709.71
ORD-2554,2024-11-09,West,Electronics,Aura Laptop,Consumer,2,921.42,534.84
ORD-2555,2024-11-09,Central,Electronics,Nova Monitor,Consumer,4,1459.79,956.68
ORD-2556,2024-11-10,Central,Electronics,Pulse Earbuds,Corporate,1,447,263
ORD-2557,2024-11-10,North,Electronics,Pulse Earbuds,SMB,4,1256.94,844.01
ORD-2558,2024-11-10,Central,Furniture,Ergo Chair,SMB,2,524.27,357.31
ORD-2559,2024-11-11,West,Office,Notebook Set,Consumer,5,83.64,57.76
ORD-2560,2024-11-11,West,Electronics,Aura Laptop,Consumer,2,1012.38,599.12
ORD-2561,2024-11-11,North,Furniture,Oak Desk,Consumer,2,481.33,305.39
ORD-2562,2024-11-11,Central,Office,Gel Pens,Consumer,3,45.79,29.24
ORD-2563,2024-11-11,South,Furniture,Ergo Chair,SMB,5,1781.39,1166.55
ORD-2564,2024-11-12,North,Office,Notebook Set,Corporate,4,54.28,31.99
ORD-2565,2024-11-12,South,Office,Gel Pens,Corporate,1,20.14,11.48
ORD-2566,2024-11-12,Central,Apparel,Core Tee,Consumer,1,85.12,55.66
ORD-2567,2024-11-12,East,Electronics,Pulse Earbuds,Corporate,2,546.92,376.47
ORD-2568,2024-11-12,North,Electronics,Pulse Earbuds,Consumer,1,517.12,294.63
ORD-2569,2024-11-13,South,Office,Notebook Set,Corporate,5,74.13,51.54
ORD-2570,2024-11-13,Central,Office,Gel Pens,Consumer,3,38.85,24.85
ORD-2571,2024-11-13,Central,Electronics,Aura Laptop,SMB,3,854.84,520.44
ORD-2572,2024-11-13,Central,Electronics,Pulse Earbuds,Corporate,3,1189.55,702.34
ORD-2573,2024-11-14,East,Office,Gel Pens,SMB,2,45.06,25.3
ORD-2574,2024-11-14,West,Electronics,Aura Laptop,Corporate,5,2185.26,1221.99
ORD-2575,2024-11-14,East,Office,Gel Pens,Consumer,1,22.68,15.25
ORD-2576,2024-11-15,South,Office,Notebook Set,Corporate,5,68.98,43.47
ORD-2577,2024-11-15,South,Office,Gel Pens,Corporate,3,46.28,31.78
ORD-2578,2024-11-15,South,Electronics,Aura Laptop,Consumer,3,1021.48,678.42
ORD-2579,2024-11-15,Central,Furniture,Oak Desk,SMB,1,197.89,128.84
ORD-2580,2024-11-15,West,Electronics,Nova Monitor,SMB,4,2096.52,1176.38
ORD-2581,2024-11-16,Central,Office,Notebook Set,SMB,3,47.26,29.46
ORD-2582,2024-11-16,East,Furniture,Ergo Chair,Consumer,3,675.83,426.68
ORD-2583,2024-11-17,West,Furniture,Oak Desk,SMB,2,594.53,388.7
ORD-2584,2024-11-17,South,Furniture,Ergo Chair,Consumer,2,599.98,366.68
ORD-2585,2024-11-17,East,Apparel,Trail Jacket,Consumer,2,100.24,58.33
ORD-2586,2024-11-17,East,Office,Notebook Set,SMB,2,32.94,19.46
ORD-2587,2024-11-17,Central,Apparel,Trail Jacket,Consumer,4,238.22,138.79
ORD-2588,2024-11-18,Central,Apparel,Core Tee,Corporate,3,168.54,106.09
ORD-2589,2024-11-18,Central,Electronics,Aura Laptop,SMB,3,1159.23,769.7
ORD-2590,2024-11-18,West,Electronics,Pulse Earbuds,SMB,4,1849.12,1135.39
ORD-2591,2024-11-18,North,Furniture,Oak Desk,SMB,2,706.57,407.17
ORD-2592,2024-11-19,East,Furniture,Oak Desk,Consumer,5,1157.86,720.08
ORD-2593,2024-11-19,West,Furniture,Ergo Chair,SMB,2,720.02,457.79
ORD-2594,2024-11-19,Central,Furniture,Ergo Chair,SMB,5,1603.41,1068.74
ORD-2595,2024-11-19,West,Electronics,Nova Monitor,Corporate,4,2074.48,1353.79
ORD-2596,2024-11-20,South,Furniture,Ergo Chair,Consumer,2,567.87,333.62
ORD-2597,2024-11-20,South,Electronics,Nova Monitor,SMB,3,1327.42,746.11
ORD-2598,2024-11-20,South,Office,Notebook Set,Corporate,3,64.92,42.09
ORD-2599,2024-11-20,North,Electronics,Pulse Earbuds,SMB,2,838.2,480.53
ORD-2600,2024-11-21,South,Office,Notebook Set,SMB,3,51.5,28.53
ORD-2601,2024-11-21,South,Office,Notebook Set,Corporate,2,44.53,28.37
ORD-2602,2024-11-21,South,Furniture,Oak Desk,SMB,2,531.34,350.91
ORD-2603,2024-11-22,East,Apparel,Core Tee,Consumer,1,71.69,43.62
ORD-2604,2024-11-22,North,Electronics,Nova Monitor,Corporate,1,486.69,314.3
ORD-2605,2024-11-22,Central,Furniture,Oak Desk,Corporate,2,383.55,252.55
ORD-2606,2024-11-22,North,Apparel,Core Tee,Corporate,4,385.23,218.29
ORD-2607,2024-11-23,Central,Furniture,Ergo Chair,Corporate,1,194.51,114.51
ORD-2608,2024-11-23,South,Apparel,Trail Jacket,SMB,5,349.95,232.11
ORD-2609,2024-11-23,North,Furniture,Ergo Chair,SMB,5,1739.73,1186.71
ORD-2610,2024-11-24,North,Furniture,Ergo Chair,Consumer,3,832.57,495.06
ORD-2611,2024-11-24,West,Office,Gel Pens,SMB,2,33.96,20.95
ORD-2612,2024-11-25,South,Electronics,Pulse Earbuds,Consumer,5,1381.12,770.42
ORD-2613,2024-11-25,North,Electronics,Nova Monitor,SMB,5,1893.34,1050.3
ORD-2614,2024-11-26,East,Furniture,Ergo Chair,Corporate,4,1269.68,832.36
ORD-2615,2024-11-26,South,Furniture,Oak Desk,Corporate,1,320.83,181.48
ORD-2616,2024-11-27,West,Electronics,Aura Laptop,Corporate,4,1440.62,875.95
ORD-2617,2024-11-27,South,Electronics,Nova Monitor,Corporate,3,1004.55,556.99
ORD-2618,2024-11-27,North,Furniture,Oak Desk,Corporate,2,505.2,293.76
ORD-2619,2024-11-27,West,Furniture,Ergo Chair,Corporate,4,787.2,472.23
ORD-2620,2024-11-28,East,Furniture,Ergo Chair,Consumer,2,581.19,361.9
ORD-2621,2024-11-28,North,Furniture,Oak Desk,Corporate,4,1088.24,620.23
ORD-2622,2024-11-28,North,Electronics,Nova Monitor,SMB,4,1148.76,788.25
ORD-2623,2024-11-29,North,Office,Notebook Set,Consumer,3,56.93,31.62
ORD-2624,2024-11-29,East,Apparel,Core Tee,Consumer,4,267.21,169.33
ORD-2625,2024-11-30,Central,Furniture,Oak Desk,SMB,5,1648.77,1039.36
ORD-2626,2024-11-30,East,Furniture,Ergo Chair,SMB,3,861.39,514.18
ORD-2627,2024-11-30,North,Furniture,Oak Desk,Corporate,1,297.4,185.88
ORD-2628,2024-11-30,North,Office,Gel Pens,Consumer,5,110.13,61.72
ORD-2629,2024-11-30,West,Apparel,Core Tee,SMB,2,127.3,80.22
ORD-2630,2024-12-01,East,Electronics,Pulse Earbuds,Corporate,5,1784.4,1146.21
ORD-2631,2024-12-01,North,Electronics,Aura Laptop,Corporate,2,1034.58,706.45
ORD-2632,2024-12-01,South,Office,Gel Pens,Corporate,4,60.64,36
ORD-2633,2024-12-01,South,Apparel,Core Tee,SMB,5,481.45,286.13
ORD-2634,2024-12-02,East,Apparel,Trail Jacket,SMB,5,256.27,155.54
ORD-2635,2024-12-02,North,Electronics,Aura Laptop,Corporate,1,435.75,301.15
ORD-2636,2024-12-02,Central,Furniture,Oak Desk,Corporate,1,212.98,142.19
ORD-2637,2024-12-03,West,Apparel,Trail Jacket,Consumer,2,173.45,118.15
ORD-2638,2024-12-03,South,Furniture,Oak Desk,Corporate,5,915.17,504.05
ORD-2639,2024-12-03,South,Apparel,Trail Jacket,Consumer,2,160.74,108.98
ORD-2640,2024-12-03,West,Apparel,Core Tee,Consumer,4,335.64,220.59
ORD-2641,2024-12-03,Central,Furniture,Oak Desk,Consumer,3,597.06,346.73
ORD-2642,2024-12-04,North,Electronics,Pulse Earbuds,Corporate,2,886.95,522.99
ORD-2643,2024-12-04,West,Office,Notebook Set,Consumer,4,79.75,47.6
ORD-2644,2024-12-04,South,Electronics,Aura Laptop,SMB,3,1090.65,613.04
ORD-2645,2024-12-04,West,Electronics,Aura Laptop,Consumer,5,1929.78,1093.82
ORD-2646,2024-12-05,Central,Electronics,Aura Laptop,Corporate,3,1525.08,967.16
ORD-2647,2024-12-05,East,Apparel,Core Tee,Consumer,1,69.59,45.14
ORD-2648,2024-12-05,Central,Furniture,Ergo Chair,Corporate,1,217.97,132.29
ORD-2649,2024-12-06,East,Apparel,Trail Jacket,Corporate,5,470.81,316.66
ORD-2650,2024-12-06,Central,Electronics,Pulse Earbuds,Corporate,1,434.75,243.15
ORD-2651,2024-12-07,North,Apparel,Trail Jacket,SMB,4,301.76,189.76
ORD-2652,2024-12-07,North,Office,Notebook Set,Consumer,3,50.35,33.94
ORD-2653,2024-12-07,North,Furniture,Ergo Chair,Consumer,2,654.87,405.99
ORD-2654,2024-12-07,Central,Apparel,Trail Jacket,Consumer,2,137.34,83.26
ORD-2655,2024-12-08,South,Apparel,Core Tee,Consumer,2,104.35,63.65
ORD-2656,2024-12-08,South,Furniture,Oak Desk,Corporate,1,213.62,129.71
ORD-2657,2024-12-09,South,Apparel,Core Tee,Corporate,4,336.56,186.43
ORD-2658,2024-12-09,East,Furniture,Oak Desk,SMB,5,1703.65,1163.76
ORD-2659,2024-12-09,Central,Apparel,Trail Jacket,Corporate,3,227.1,141.21
ORD-2660,2024-12-09,Central,Office,Gel Pens,Corporate,2,35.49,22.51
ORD-2661,2024-12-09,South,Apparel,Trail Jacket,Corporate,5,288.9,164.91
ORD-2662,2024-12-10,Central,Electronics,Aura Laptop,Consumer,2,922.29,613.96
ORD-2663,2024-12-10,East,Office,Notebook Set,Consumer,1,19.73,13.34
ORD-2664,2024-12-10,South,Apparel,Trail Jacket,Consumer,1,86.34,48.54
ORD-2665,2024-12-10,West,Furniture,Oak Desk,SMB,1,344.18,220.85
ORD-2666,2024-12-11,West,Apparel,Core Tee,SMB,4,358.72,250.44
ORD-2667,2024-12-11,Central,Apparel,Trail Jacket,Corporate,4,328.57,222.12
ORD-2668,2024-12-11,South,Office,Gel Pens,Corporate,2,45.58,31.71
ORD-2669,2024-12-12,North,Electronics,Pulse Earbuds,Consumer,4,1919.71,1152.55
ORD-2670,2024-12-12,South,Apparel,Trail Jacket,Corporate,5,273.25,152.12
ORD-2671,2024-12-12,West,Apparel,Trail Jacket,SMB,4,205.84,139.58
ORD-2672,2024-12-12,East,Electronics,Aura Laptop,SMB,4,1659.22,918.64
ORD-2673,2024-12-13,Central,Office,Notebook Set,Corporate,2,26.08,16.98
ORD-2674,2024-12-13,East,Furniture,Oak Desk,Corporate,5,1667.03,935.85
ORD-2675,2024-12-14,Central,Furniture,Oak Desk,Corporate,3,676.1,440.33
ORD-2676,2024-12-14,Central,Furniture,Ergo Chair,Corporate,1,345.51,213.67
ORD-2677,2024-12-14,South,Office,Notebook Set,Corporate,3,56.6,33.41
ORD-2678,2024-12-14,North,Electronics,Nova Monitor,Corporate,5,1870.95,1192.89
ORD-2679,2024-12-15,East,Electronics,Aura Laptop,Corporate,5,2141.81,1340.1
ORD-2680,2024-12-15,South,Furniture,Oak Desk,Corporate,4,1114,679.73
ORD-2681,2024-12-15,North,Apparel,Core Tee,SMB,3,248.15,136.51
ORD-2682,2024-12-15,East,Electronics,Nova Monitor,SMB,5,2498.7,1710.83
ORD-2683,2024-12-15,East,Office,Gel Pens,Corporate,5,101.95,57.51
ORD-2684,2024-12-16,North,Apparel,Core Tee,Corporate,3,205.41,133.53
ORD-2685,2024-12-16,South,Furniture,Oak Desk,Corporate,2,716.18,494.08
ORD-2686,2024-12-16,South,Furniture,Ergo Chair,SMB,3,813.46,484.28
ORD-2687,2024-12-17,South,Electronics,Aura Laptop,Corporate,3,994.06,577.72
ORD-2688,2024-12-17,North,Furniture,Ergo Chair,Consumer,3,733.2,487.91
ORD-2689,2024-12-17,East,Apparel,Core Tee,Consumer,4,216.91,121.54
ORD-2690,2024-12-18,West,Office,Notebook Set,Consumer,5,95.8,65.62
ORD-2691,2024-12-18,South,Furniture,Ergo Chair,SMB,2,403.88,246.44
ORD-2692,2024-12-18,North,Furniture,Oak Desk,Consumer,5,1342.6,864.52
ORD-2693,2024-12-18,West,Electronics,Aura Laptop,SMB,5,2126.76,1454.88
ORD-2694,2024-12-18,North,Furniture,Oak Desk,Consumer,2,597.46,337.51
ORD-2695,2024-12-19,East,Electronics,Nova Monitor,Consumer,3,1131.61,708.35
ORD-2696,2024-12-19,Central,Apparel,Trail Jacket,Corporate,5,263.03,158.04
ORD-2697,2024-12-19,South,Office,Notebook Set,Consumer,5,114.68,64.51
ORD-2698,2024-12-20,East,Apparel,Trail Jacket,Corporate,4,231.55,154.66
ORD-2699,2024-12-20,South,Electronics,Pulse Earbuds,SMB,5,2328.78,1392.8
ORD-2700,2024-12-20,Central,Furniture,Ergo Chair,Consumer,4,1455.78,1008.43
ORD-2701,2024-12-20,West,Furniture,Ergo Chair,Consumer,2,428.24,284.47
ORD-2702,2024-12-21,East,Electronics,Pulse Earbuds,Consumer,5,1330.04,851.76
ORD-2703,2024-12-21,South,Office,Notebook Set,SMB,3,54.18,34.93
ORD-2704,2024-12-21,West,Electronics,Nova Monitor,SMB,1,274.87,175.85
ORD-2705,2024-12-21,West,Electronics,Pulse Earbuds,SMB,5,2303.68,1556.95
ORD-2706,2024-12-21,West,Apparel,Core Tee,Corporate,5,480.99,333.81
ORD-2707,2024-12-22,West,Electronics,Nova Monitor,SMB,5,2176.14,1270.09
ORD-2708,2024-12-22,North,Office,Notebook Set,Corporate,1,23.27,13.87
ORD-2709,2024-12-22,East,Furniture,Ergo Chair,Consumer,4,792.2,454.84
ORD-2710,2024-12-22,North,Electronics,Pulse Earbuds,Corporate,3,1469.22,930.67
ORD-2711,2024-12-22,North,Office,Gel Pens,Consumer,1,15.05,9.31
ORD-2712,2024-12-23,East,Electronics,Nova Monitor,Corporate,3,1140.35,724.67
ORD-2713,2024-12-23,West,Apparel,Trail Jacket,Corporate,1,82.45,54.95
ORD-2714,2024-12-24,Central,Apparel,Core Tee,Consumer,2,186.28,105.74
ORD-2715,2024-12-24,South,Furniture,Oak Desk,Consumer,4,834.97,564.72
ORD-2716,2024-12-24,North,Office,Notebook Set,SMB,3,53.45,31.56
ORD-2717,2024-12-24,North,Furniture,Ergo Chair,Consumer,5,1293.28,724.57
ORD-2718,2024-12-24,North,Apparel,Core Tee,Consumer,5,409.76,254.39
ORD-2719,2024-12-25,North,Office,Gel Pens,SMB,2,38.89,24
ORD-2720,2024-12-25,North,Furniture,Ergo Chair,Consumer,4,1184.82,666.27
ORD-2721,2024-12-25,South,Office,Gel Pens,SMB,4,82.56,47.18
ORD-2722,2024-12-25,South,Electronics,Nova Monitor,Consumer,2,920.56,508.05
ORD-2723,2024-12-25,West,Apparel,Core Tee,SMB,4,302.96,185.22
ORD-2724,2024-12-26,East,Apparel,Trail Jacket,SMB,2,128.84,85.48
ORD-2725,2024-12-26,North,Office,Gel Pens,Corporate,2,48.11,29.43
ORD-2726,2024-12-26,South,Apparel,Trail Jacket,Corporate,4,373.24,235.63
ORD-2727,2024-12-26,North,Office,Notebook Set,Corporate,4,74.3,41.29
ORD-2728,2024-12-27,South,Furniture,Oak Desk,SMB,3,695.36,447.55
ORD-2729,2024-12-27,South,Furniture,Ergo Chair,Consumer,5,1117.57,638
ORD-2730,2024-12-28,North,Electronics,Nova Monitor,Consumer,1,390.77,240.93
ORD-2731,2024-12-28,South,Electronics,Pulse Earbuds,SMB,1,399.35,258.14
ORD-2732,2024-12-28,North,Electronics,Aura Laptop,Corporate,5,2400.54,1375.26
ORD-2733,2024-12-29,East,Office,Notebook Set,SMB,2,45.14,29.36
ORD-2734,2024-12-29,West,Office,Notebook Set,SMB,5,104.01,62.33
ORD-2735,2024-12-29,East,Apparel,Trail Jacket,Consumer,3,207.65,126.51
ORD-2736,2024-12-29,North,Furniture,Oak Desk,SMB,2,693.89,459.13
ORD-2737,2024-12-29,West,Furniture,Ergo Chair,SMB,2,706.71,416.52
ORD-2738,2024-12-30,Central,Furniture,Oak Desk,Corporate,2,531.64,308.76
ORD-2739,2024-12-30,East,Apparel,Core Tee,Consumer,5,459.05,273.73
ORD-2740,2024-12-31,North,Electronics,Aura Laptop,Corporate,5,1916.62,1061.57
ORD-2741,2024-12-31,South,Furniture,Oak Desk,SMB,4,830.69,526.83
ORD-2742,2024-12-31,South,Electronics,Nova Monitor,Corporate,5,2063.12,1435.35
ORD-2743,2024-12-31,North,Furniture,Ergo Chair,Corporate,1,283.17,196.92
ORD-2744,2024-12-31,North,Furniture,Oak Desk,Consumer,3,902.86,610.54
ORD-2745,2025-01-01,Central,Electronics,Aura Laptop,SMB,3,876.45,529.39
ORD-2746,2025-01-01,Central,Apparel,Core Tee,Corporate,4,323.42,206.91
ORD-2747,2025-01-01,West,Office,Notebook Set,Consumer,5,86.87,57.3
ORD-2748,2025-01-01,South,Electronics,Aura Laptop,Consumer,3,1354.91,786.31
ORD-2749,2025-01-01,West,Office,Gel Pens,SMB,2,29.05,18.59
ORD-2750,2025-01-02,South,Furniture,Oak Desk,Corporate,4,992.12,617.78
ORD-2751,2025-01-02,East,Electronics,Nova Monitor,Corporate,3,861.55,563.22
ORD-2752,2025-01-02,West,Electronics,Nova Monitor,Consumer,4,1611.96,908.98
ORD-2753,2025-01-02,West,Apparel,Core Tee,SMB,4,201.03,111.66
ORD-2754,2025-01-03,East,Furniture,Oak Desk,Consumer,1,295.43,175.44
ORD-2755,2025-01-03,Central,Apparel,Trail Jacket,SMB,5,247.37,145.7
ORD-2756,2025-01-04,Central,Apparel,Core Tee,SMB,2,125.34,73.29
ORD-2757,2025-01-04,East,Apparel,Core Tee,SMB,3,251.32,149.52
ORD-2758,2025-01-04,North,Electronics,Nova Monitor,SMB,2,783.8,516.96
ORD-2759,2025-01-05,West,Office,Notebook Set,Corporate,5,69.01,42.78
ORD-2760,2025-01-05,Central,Apparel,Core Tee,Consumer,4,262.02,167.42
ORD-2761,2025-01-05,North,Furniture,Ergo Chair,SMB,5,1379.4,815.81
ORD-2762,2025-01-05,South,Apparel,Core Tee,Consumer,4,319.36,193.59
ORD-2763,2025-01-05,West,Office,Gel Pens,Corporate,4,63.59,38.89
ORD-2764,2025-01-06,East,Furniture,Ergo Chair,Consumer,4,1325.26,920.82
ORD-2765,2025-01-06,South,Office,Notebook Set,SMB,3,52.69,33.97
ORD-2766,2025-01-06,East,Electronics,Aura Laptop,SMB,3,1057.98,671.34
ORD-2767,2025-01-07,South,Electronics,Nova Monitor,SMB,1,438.09,264.39
ORD-2768,2025-01-07,Central,Furniture,Ergo Chair,Consumer,2,419.98,234.55
ORD-2769,2025-01-08,North,Office,Gel Pens,Consumer,2,48.72,29.52
ORD-2770,2025-01-08,Central,Electronics,Aura Laptop,Consumer,1,510.98,324.9
ORD-2771,2025-01-08,West,Office,Notebook Set,SMB,5,82.79,54.45
ORD-2772,2025-01-08,Central,Apparel,Trail Jacket,SMB,1,83.93,46.94
ORD-2773,2025-01-09,South,Furniture,Oak Desk,SMB,2,634.55,352.28
ORD-2774,2025-01-09,West,Electronics,Aura Laptop,Consumer,2,886.85,542.75
ORD-2775,2025-01-10,East,Furniture,Oak Desk,Corporate,5,1375.21,816.34
ORD-2776,2025-01-10,South,Office,Gel Pens,Corporate,5,91.76,51.62
ORD-2777,2025-01-11,South,Office,Notebook Set,SMB,3,51.8,35.94
ORD-2778,2025-01-11,Central,Apparel,Trail Jacket,Corporate,5,297.54,204.62
ORD-2779,2025-01-11,West,Office,Notebook Set,Corporate,2,31.5,18.87
ORD-2780,2025-01-11,Central,Electronics,Aura Laptop,SMB,3,1530.39,1028.51
ORD-2781,2025-01-12,Central,Office,Gel Pens,SMB,3,60.16,33.49
ORD-2782,2025-01-12,North,Furniture,Oak Desk,Consumer,5,1579.07,1064.94
ORD-2783,2025-01-12,East,Electronics,Aura Laptop,SMB,5,1835.07,1269.3
ORD-2784,2025-01-13,East,Office,Gel Pens,Corporate,2,32.83,22.17
ORD-2785,2025-01-13,North,Furniture,Ergo Chair,Corporate,3,1004.41,646.82
ORD-2786,2025-01-13,Central,Apparel,Trail Jacket,Consumer,4,209.79,142.22
ORD-2787,2025-01-14,South,Electronics,Pulse Earbuds,Consumer,1,452.61,294.44
ORD-2788,2025-01-14,East,Apparel,Trail Jacket,SMB,4,204.99,138.4
ORD-2789,2025-01-14,East,Apparel,Trail Jacket,Consumer,2,123.29,83.33
ORD-2790,2025-01-14,North,Furniture,Oak Desk,SMB,3,769.03,536.15
ORD-2791,2025-01-14,West,Office,Gel Pens,SMB,1,19.03,12.03
ORD-2792,2025-01-15,North,Furniture,Oak Desk,Consumer,4,1305.66,864.52
ORD-2793,2025-01-15,Central,Apparel,Core Tee,Consumer,4,242.62,164.65
ORD-2794,2025-01-15,South,Apparel,Trail Jacket,SMB,3,246.59,141.48
ORD-2795,2025-01-15,North,Apparel,Trail Jacket,Corporate,5,249.07,144.95
ORD-2796,2025-01-15,North,Furniture,Oak Desk,Corporate,5,1662.91,1115.29
ORD-2797,2025-01-16,South,Apparel,Core Tee,Consumer,3,159.49,107.3
ORD-2798,2025-01-16,South,Furniture,Ergo Chair,Consumer,1,251.58,157.38
ORD-2799,2025-01-16,North,Electronics,Pulse Earbuds,Consumer,5,2525.47,1420.28
ORD-2800,2025-01-17,North,Apparel,Core Tee,SMB,5,338.83,201.94
ORD-2801,2025-01-17,East,Electronics,Nova Monitor,Consumer,4,1513.58,843.65
ORD-2802,2025-01-17,Central,Apparel,Core Tee,Corporate,1,63.59,42.32
ORD-2803,2025-01-17,North,Apparel,Trail Jacket,Corporate,3,243.12,153.15
ORD-2804,2025-01-17,West,Furniture,Ergo Chair,Consumer,3,1053.79,732.89
ORD-2805,2025-01-18,West,Apparel,Core Tee,Corporate,1,58.56,39.76
ORD-2806,2025-01-18,South,Apparel,Core Tee,Corporate,1,88.74,55.33
ORD-2807,2025-01-18,East,Office,Gel Pens,Consumer,4,63.9,43.05
ORD-2808,2025-01-18,Central,Office,Gel Pens,Corporate,4,65.64,37.41
ORD-2809,2025-01-19,North,Apparel,Core Tee,Consumer,1,71.05,46.55
ORD-2810,2025-01-19,South,Office,Gel Pens,Corporate,5,71.39,43.54
ORD-2811,2025-01-19,Central,Office,Notebook Set,Consumer,1,24.4,13.48
ORD-2812,2025-01-20,West,Electronics,Nova Monitor,Corporate,3,806.27,486.23
ORD-2813,2025-01-20,Central,Office,Notebook Set,Consumer,3,69.25,41.18
ORD-2814,2025-01-21,South,Electronics,Nova Monitor,Corporate,2,840.37,526.38
ORD-2815,2025-01-21,Central,Furniture,Oak Desk,Corporate,2,514.15,311.09
ORD-2816,2025-01-22,West,Office,Notebook Set,Corporate,1,18.69,11.89
ORD-2817,2025-01-22,South,Furniture,Ergo Chair,Consumer,5,1469.74,926.31
ORD-2818,2025-01-22,East,Office,Gel Pens,Corporate,1,17.43,11.32
ORD-2819,2025-01-22,North,Apparel,Trail Jacket,SMB,4,255.54,141.19
ORD-2820,2025-01-23,Central,Electronics,Nova Monitor,Corporate,2,973.03,547.04
ORD-2821,2025-01-23,North,Electronics,Nova Monitor,Consumer,5,2059.48,1292.94
ORD-2822,2025-01-23,East,Office,Notebook Set,Corporate,5,110.81,64.06
ORD-2823,2025-01-23,Central,Furniture,Oak Desk,SMB,5,1350.73,833.1
ORD-2824,2025-01-23,North,Furniture,Ergo Chair,Corporate,5,1090.44,670.81
ORD-2825,2025-01-24,North,Electronics,Pulse Earbuds,Corporate,4,1317.76,809.8
ORD-2826,2025-01-24,South,Furniture,Oak Desk,SMB,2,447.9,257.9
ORD-2827,2025-01-24,South,Apparel,Trail Jacket,SMB,1,88.02,52.89
ORD-2828,2025-01-25,North,Electronics,Nova Monitor,SMB,3,1088.15,738.62
ORD-2829,2025-01-25,South,Furniture,Oak Desk,Consumer,3,981.45,545.26
ORD-2830,2025-01-25,West,Furniture,Ergo Chair,Consumer,5,1093.12,698.49
ORD-2831,2025-01-26,South,Furniture,Ergo Chair,Corporate,5,1286.72,758.2
ORD-2832,2025-01-26,Central,Office,Gel Pens,SMB,5,103.72,60.03
ORD-2833,2025-01-26,East,Electronics,Nova Monitor,Consumer,2,581.05,369.48
ORD-2834,2025-01-26,East,Furniture,Oak Desk,Consumer,3,776.61,499.77